id,group,name,age,email,score
1,C,Judon Greening,25,jgreening0@odnoklassniki.ru,66
2,D,Lexi Ainscough,24,,32
3,A,Ced Tale,25,ctale2@imageshack.us,91
4,C,Shermy MacGuigan,25,smacguigan3@csmonitor.com,18
5,B,Gena Yven,21,,95
6,B,Esma McLarens,21,,51
7,C,Shannon Haye,19,shaye6@huffingtonpost.com,63
8,B,Delila Tildesley,24,dtildesley7@netscape.com,26
9,D,Ashely Cawse,21,acawse8@sohu.com,85
10,A,Kendricks MacPharlain,19,kmacpharlain9@reddit.com,38
11,C,Trefor Bulleyn,20,tbulleyna@walmart.com,74
12,D,Callida MacDowall,24,cmacdowallb@twitter.com,75
13,B,Vassily Coverdill,20,vcoverdillc@upenn.edu,6
14,D,Renie Knudsen,19,rknudsend@usgs.gov,60
15,C,Aurilia Kornousek,23,akornouseke@wiley.com,78
16,D,Evangeline Wreford,20,ewrefordf@paginegialle.it,4
17,B,Birk Crinion,20,bcriniong@microsoft.com,84
18,A,Darrell Gilbeart,25,dgilbearth@lycos.com,47
19,C,Helenka Priestnall,18,,53
20,B,Clywd Bradford,21,cbradfordj@si.edu,78
21,A,Dirk Tabrett,23,dtabrettk@topsy.com,40
22,C,Sheffield Trewinnard,24,strewinnardl@loc.gov,86
23,C,Giffie Baldery,19,gbalderym@bizjournals.com,38
24,B,Essy Pegg,,epeggn@example.com,50
25,D,Winona Eaton,24,weatono@blinklist.com,3
26,A,Sheridan Dilliway,24,sdilliwayp@wufoo.com,59
27,A,Jethro McPeck,21,jmcpeckq@photobucket.com,90
28,B,Maryellen Senett,20,msenettr@vistaprint.com,88
29,C,Felice Sheahan,19,fsheahans@goodreads.com,98
30,B,Thurstan Tease,20,tteaset@yale.edu,67
31,D,Farica Townes,18,ftownesu@wordpress.com,2
32,A,Broddy Dahlman,25,bdahlmanv@cnbc.com,98
33,B,Vincents Foulds,21,vfouldsw@jalbum.net,93
34,B,Glennie Dorricott,19,gdorricottx@msn.com,89
35,B,Chlo Peller,19,cpellery@microsoft.com,67
36,C,Zonnya Gemelli,25,zgemelliz@slashdot.org,96
37,A,Shelagh Steptowe,22,ssteptowe10@parallels.com,44
38,A,Auberta Pilpovic,25,apilpovic11@creativecommons.org,30
39,B,Taylor Brisard,18,tbrisard12@bloglovin.com,44
40,B,Gale Radeliffe,22,gradeliffe13@washingtonpost.com,24
41,B,Editha Klasing,25,,54
42,A,Dori Hush,22,dhush15@epa.gov,74
43,D,Fremont Barkhouse,21,fbarkhouse16@merriam-webster.com,45
44,B,Ediva Webster,22,,64
45,D,Reinaldo Bramsom,25,rbramsom18@timesonline.co.uk,5
46,D,Christiane Giacubbo,21,cgiacubbo19@purevolume.com,85
47,A,Jarrett Dally,20,jdally1a@census.gov,73
48,B,Onida Passe,19,,31
49,A,Godfry Backsal,23,,7
50,A,Collin Costa,23,ccosta1d@xing.com,76
51,D,Phyllis Gregory,18,pgregory1e@friendfeed.com,7
52,B,Melva Dagless,20,mdagless1f@themeforest.net,34
53,A,Karrah Spender,19,,28
54,B,Tedman Gisbourn,19,tgisbourn1h@fc2.com,62
55,D,Shir Conville,,sconville1i@nih.gov,84
56,A,Danika Doret,20,ddoret1j@exblog.jp,99
57,B,Samaria Foro,22,sforo1k@people.com.cn,56
58,A,Goraud Romeo,19,gromeo1l@nationalgeographic.com,39
59,B,Forrest Castenda,18,,97
60,C,Vivia Grovier,25,vgrovier1n@upenn.edu,6
61,D,Kaleena Groundwater,18,kgroundwater1o@cnbc.com,95
62,C,Ruggiero Benadette,24,rbenadette1p@blogtalkradio.com,91
63,A,Ester Arckoll,25,earckoll1q@thetimes.co.uk,83
64,D,Allie Hannigane,20,ahannigane1r@wikia.com,59
65,B,Salomo Beldon,18,sbeldon1s@reference.com,64
66,B,Albrecht Chown,19,achown1t@xing.com,89
67,B,Bobby Doogue,23,bdoogue1u@sun.com,75
68,C,Sterling Tytcomb,21,stytcomb1v@nydailynews.com,74
69,D,Stephanus Varey,20,svarey1w@printfriendly.com,60
70,C,Garvey Have,23,ghave1x@dmoz.org,82
71,D,Harrie Rasher,18,hrasher1y@free.fr,10
72,A,Sharyl Crosthwaite,18,scrosthwaite1z@webnode.com,90
73,D,Llewellyn Cressey,25,lcressey20@newyorker.com,9
74,D,Cymbre Threlkeld,18,cthrelkeld21@ebay.com,55
75,D,Lebbie McAuslan,,lmcauslan22@dot.gov,28
76,,Betti Moodie,18,bmoodie23@go.com,9
77,C,Dalston McKague,19,dmckague24@simplemachines.org,3
78,A,Marietta Lambin,21,mlambin25@intel.com,76
79,B,Pattie Walewski,23,pwalewski26@spiegel.de,94
80,C,Karolina Denisovich,20,kdenisovich27@bandcamp.com,0
81,D,Angel Camilio,22,acamilio28@nps.gov,29
82,B,Chance Wilhelmy,18,cwilhelmy29@oakley.com,0
83,A,Andreana Budnik,18,abudnik2a@sitemeter.com,2
84,A,Beniamino Conklin,19,bconklin2b@merriam-webster.com,61
85,C,Emlyn Itzcak,23,eitzcak2c@howstuffworks.com,19
86,B,Rochell Seaborne,22,rseaborne2d@1688.com,26
87,D,Lenka Babst,18,lbabst2e@mail.ru,20
88,D,Reamonn Petran,21,rpetran2f@imdb.com,14
89,D,Rheta Lennie,24,rlennie2g@eventbrite.com,22
90,,Sharai Reyner,19,sreyner2h@friendfeed.com,23
91,A,Ivor Michin,18,imichin2i@vistaprint.com,41
92,A,Keith Marriott,19,kmarriott2j@mtv.com,58
93,B,Lon Pires,20,lpires2k@usatoday.com,32
94,C,Hill Metzel,24,hmetzel2l@cargocollective.com,44
95,D,Anastassia Pattemore,22,apattemore2m@over-blog.com,57
96,A,Codi Alleburton,22,calleburton2n@hao123.com,96
97,A,Markos Oakenford,20,moakenford2o@clickbank.net,12
98,C,Remington Sloy,22,rsloy2p@privacy.gov.au,93
99,A,Rutter Blemings,21,,73
100,B,Elvina Cantero,,ecantero2r@shutterfly.com,76
101,D,Alexio Abbiss,,aabbiss2s@arizona.edu,77
102,A,Yovonnda Sharma,18,ysharma2t@oracle.com,25
103,D,Josepha Wharrier,19,jwharrier2u@eepurl.com,40
104,B,Alethea Suthworth,19,asuthworth2v@goo.ne.jp,55
105,B,Pen Cleft,25,pcleft2w@bbb.org,11
106,C,Fallon Norcott,24,fnorcott2x@friendfeed.com,68
107,B,Pavla Cardenas,21,pcardenas2y@shop-pro.jp,28
108,D,Jason Jacox,24,jjacox2z@tuttocitta.it,66
109,A,Jackqueline Bredee,24,jbredee30@parallels.com,75
110,A,Heidi Vinau,24,hvinau31@indiegogo.com,16
111,C,Haley Liddall,20,hliddall32@mashable.com,51
112,D,Barbara-anne Hartegan,,bhartegan33@forbes.com,55
113,B,Herta Matthessen,19,hmatthessen34@ask.com,5
114,B,Jasen Woolens,24,jwoolens35@paginegialle.it,90
115,C,Taryn Curzey,25,tcurzey36@hugedomains.com,27
116,D,Blinny Aston,21,baston37@washington.edu,56
117,C,Bobina Russell,24,brussell38@hud.gov,28
118,C,Adda Stuke,,astuke39@tiny.cc,13
119,D,Stern Jeram,23,sjeram3a@usnews.com,13
120,B,Jere Bickle,24,jbickle3b@is.gd,41
121,A,Isaiah Wyllcocks,24,iwyllcocks3c@sitemeter.com,10
122,,Fallon Hackly,20,fhackly3d@springer.com,54
123,B,Galvin MacCallum,21,gmaccallum3e@acquirethisname.com,87
124,B,Mabel Grissett,19,mgrissett3f@zimbio.com,8
125,B,Gretta Murfin,18,gmurfin3g@bigcartel.com,28
126,A,Ainslee Amberger,23,aamberger3h@chron.com,21
127,A,Tabbie Gherardelli,23,tgherardelli3i@yelp.com,80
128,C,Carney Trail,22,ctrail3j@npr.org,8
129,C,Eugine Rowbrey,21,erowbrey3k@wix.com,99
130,C,Carmina Lavrinov,23,clavrinov3l@sciencedirect.com,71
131,B,Emmalynn Kerr,19,ekerr3m@ebay.co.uk,14
132,D,Nataline Bang,23,nbang3n@friendfeed.com,25
133,D,Florentia Troctor,19,ftroctor3o@indiatimes.com,29
134,C,Stefania Jephcott,19,sjephcott3p@latimes.com,17
135,C,Ilyse Elvidge,19,ielvidge3q@ca.gov,63
136,A,Steward Elleton,21,selleton3r@imgur.com,57
137,C,Nickola Banane,19,nbanane3s@biblegateway.com,26
138,C,Ardeen Dawidowitz,19,adawidowitz3t@delicious.com,85
139,D,Yettie Armal,21,yarmal3u@hexun.com,92
140,,Danya Butten,21,dbutten3v@state.gov,87
141,A,Joete Frankiewicz,20,jfrankiewicz3w@phpbb.com,98
142,D,Ramona Errett,,rerrett3x@chron.com,50
143,A,Maury Regler,,mregler3y@jimdo.com,58
144,B,Barnard Dewicke,22,bdewicke3z@pinterest.com,92
145,A,Juieta Birkhead,18,jbirkhead40@ucoz.ru,66
146,B,Blythe Guyot,22,bguyot41@com.com,58
147,D,Rosmunda Berfoot,20,rberfoot42@sciencedaily.com,29
148,B,Brigid Audley,24,baudley43@wisc.edu,56
149,C,Benn Aujean,22,baujean44@domainmarket.com,63
150,C,Inna Bottrell,18,ibottrell45@de.vu,30
151,B,Joaquin Solland,20,jsolland46@so-net.ne.jp,53
152,C,Horace Dymidowski,21,hdymidowski47@pbs.org,99
153,C,Carlotta Derisly,20,cderisly48@ebay.com,16
154,D,Delcine Mengue,20,dmengue49@oakley.com,13
155,,Fabian Easey,22,feasey4a@sun.com,57
156,A,Fowler Kinnar,19,fkinnar4b@angelfire.com,5
157,A,Kurtis Boch,19,kboch4c@google.com,15
158,A,Elie Aicken,18,eaicken4d@cam.ac.uk,64
159,D,Kristoforo De Lisle,25,kde4e@list-manage.com,46
160,B,Mendel Leney,25,mleney4f@usgs.gov,1
161,A,Anne Smewing,21,asmewing4g@wufoo.com,92
162,C,Yorgo Kendall,25,,85
163,C,Colly Sangwin,18,csangwin4i@barnesandnoble.com,57
164,B,Bell Boyle,18,bboyle4j@livejournal.com,43
165,C,Dawn Mumford,24,dmumford4k@t-online.de,65
166,C,Addie Kynaston,19,akynaston4l@bloglines.com,97
167,A,Alene Doige,24,adoige4m@facebook.com,92
168,A,Alwyn Fisbey,20,afisbey4n@wired.com,46
169,B,Willa Housbey,19,whousbey4o@cocolog-nifty.com,62
170,,Reade Burle,25,rburle4p@msu.edu,46
171,C,Normy Hallibone,22,,59
172,D,Devonna Leheude,,dleheude4r@shutterfly.com,84
173,D,Diego Dimont,21,ddimont4s@studiopress.com,71
174,B,Baxter Mazonowicz,21,bmazonowicz4t@google.fr,43
175,B,Berna Espinoy,20,bespinoy4u@economist.com,38
176,C,Errick Arton,23,,98
177,,Courtnay FitzGilbert,24,cfitzgilbert4w@geocities.com,41
178,C,Thibaud Philipard,24,tphilipard4x@independent.co.uk,63
179,D,Damiano Mac,18,dmac4y@tamu.edu,54
180,B,Rivi Ligoe,24,rligoe4z@buzzfeed.com,48
181,B,Alley Merrikin,18,amerrikin50@netscape.com,71
182,C,Dulce Pattenden,22,dpattenden51@nymag.com,48
183,A,Cortney Webborn,24,cwebborn52@bravesites.com,11
184,B,Fianna Roycroft,21,froycroft53@amazon.co.jp,74
185,A,Lacey Lownsbrough,24,,62
186,A,Caresa Le Moucheux,19,cle55@webeden.co.uk,47
187,C,Obadiah Meininger,,omeininger56@creativecommons.org,0
188,A,Tandy Rakestraw,24,trakestraw57@zdnet.com,29
189,A,Husain Stenton,25,hstenton58@ow.ly,53
190,D,Cristine Burgoine,22,cburgoine59@microsoft.com,84
191,C,Esra Bariball,23,ebariball5a@businessinsider.com,55
192,B,Greta Ebbers,24,gebbers5b@springer.com,11
193,,Stefania Adamovich,25,sadamovich5c@istockphoto.com,64
194,B,Levy Hadland,23,lhadland5d@pagesperso-orange.fr,82
195,B,Johannes Deshon,21,jdeshon5e@google.co.uk,63
196,D,Melany Blazej,25,mblazej5f@wordpress.com,70
197,C,Adora Shirt,18,ashirt5g@4shared.com,24
198,D,Atalanta Cleynman,19,acleynman5h@google.es,20
199,B,Barde Ableson,25,bableson5i@sfgate.com,97
200,B,Leone Doohey,18,ldoohey5j@narod.ru,94
